acc,loss,vacc,vloss
0.8135095238685608,7.050351142883301,0.8862500190734863,4.045073986053467
0.8173274397850037,4.943915367126465,0.8862500190734863,2.5409297943115234
0.8064610958099365,4.095393180847168,0.8862500190734863,1.8548065423965454
0.8108663558959961,3.351362943649292,0.8862500190734863,1.9656263589859009
0.8182085156440735,2.5816867351531982,0.8862500190734863,0.9397361278533936
0.809985339641571,1.5081384181976318,0.8862500190734863,0.6050105690956116
0.8308370113372803,0.8437054753303528,0.8862500190734863,0.3593771755695343
0.8469896912574768,0.5769674181938171,0.8862500190734863,0.3658307194709778
0.869016170501709,0.4647384285926819,0.8862500190734863,0.35600757598876953
0.8816446661949158,0.42287617921829224,0.8862500190734863,0.3494760990142822
0.8845815062522888,0.3881152868270874,0.8862500190734863,0.3488834798336029
0.8822320103645325,0.40063223242759705,0.8862500190734863,0.35149991512298584
0.886637270450592,0.38991454243659973,0.8862500190734863,0.3490288555622101
0.8901615142822266,0.3786388635635376,0.8862500190734863,0.3491114377975464
0.890748918056488,0.37163737416267395,0.8862500190734863,0.3494153916835785
0.8883994221687317,0.3803539276123047,0.8862500190734863,0.3527643084526062
0.8901615142822266,0.3779183328151703,0.8862500190734863,0.3493106961250305
0.8895741701126099,0.36558210849761963,0.8862500190734863,0.3490039110183716
0.8892804980278015,0.3601357936859131,0.8862500190734863,0.3484574854373932
0.8913362622261047,0.35583245754241943,0.8862500190734863,0.34944969415664673
0.8916299343109131,0.3595876395702362,0.8862500190734863,0.34669259190559387
0.8925110101699829,0.35412663221359253,0.8862500190734863,0.34679263830184937
0.8922173380851746,0.35481420159339905,0.8862500190734863,0.3456405997276306
0.8916299343109131,0.3571028709411621,0.8862500190734863,0.34682726860046387
0.8910425901412964,0.357342392206192,0.8862500190734863,0.3498861789703369
0.8910425901412964,0.3556218445301056,0.8862500190734863,0.34495383501052856
0.8925110101699829,0.3578411340713501,0.8862500190734863,0.3453235626220703
0.890748918056488,0.3605177700519562,0.8862500190734863,0.34559398889541626
0.8930984139442444,0.35130181908607483,0.8862500190734863,0.344023197889328
0.8919236660003662,0.35076844692230225,0.8862500190734863,0.34378260374069214
0.8916299343109131,0.3525236248970032,0.8862500190734863,0.34597232937812805
0.8919236660003662,0.3514444828033447,0.8862500190734863,0.34535738825798035
0.8922173380851746,0.34762042760849,0.8862500190734863,0.3441459536552429
0.8925110101699829,0.3486299514770508,0.8862500190734863,0.3429032564163208
0.8919236660003662,0.350023478269577,0.8862500190734863,0.3440791964530945
0.8922173380851746,0.3452869653701782,0.8862500190734863,0.34388965368270874
0.8930984139442444,0.3437708914279938,0.8862500190734863,0.3450148105621338
0.8928046822547913,0.3445703983306885,0.8862500190734863,0.3428623676300049
0.8916299343109131,0.3465877175331116,0.8862500190734863,0.3450028896331787
0.8925110101699829,0.3469104468822479,0.8862500190734863,0.346699982881546
0.8925110101699829,0.3453015983104706,0.8862500190734863,0.34076881408691406
0.8919236660003662,0.3447214365005493,0.8862500190734863,0.3437163531780243
0.8925110101699829,0.3459375202655792,0.8862500190734863,0.34371426701545715
0.8925110101699829,0.34925535321235657,0.8862500190734863,0.3426479995250702
0.8925110101699829,0.3483942747116089,0.8862500190734863,0.3432261645793915
0.8928046822547913,0.3480914235115051,0.8862500190734863,0.34118595719337463
0.8919236660003662,0.34297919273376465,0.8862500190734863,0.3416285216808319
0.8928046822547913,0.34779947996139526,0.8862500190734863,0.33906257152557373
0.8925110101699829,0.34032565355300903,0.8862500190734863,0.3399229049682617
0.8928046822547913,0.34289345145225525,0.8862500190734863,0.33819228410720825
0.8928046822547913,0.3461304008960724,0.8862500190734863,0.3388170599937439
0.8928046822547913,0.34318122267723083,0.8862500190734863,0.3386532962322235
0.8930984139442444,0.3471905589103699,0.8862500190734863,0.3407714366912842
0.8928046822547913,0.3434644639492035,0.8862500190734863,0.33750954270362854
0.8925110101699829,0.34072399139404297,0.8862500190734863,0.3393492102622986
0.8930984139442444,0.3376845717430115,0.8862500190734863,0.3360581696033478
0.8928046822547913,0.3376427888870239,0.8862500190734863,0.33899107575416565
0.8930984139442444,0.33735978603363037,0.8862500190734863,0.3331146538257599
0.8925110101699829,0.34260308742523193,0.8862500190734863,0.3363192677497864
0.8922173380851746,0.33603936433792114,0.8862500190734863,0.337514191865921
0.8925110101699829,0.33428412675857544,0.8862500190734863,0.33537402749061584
0.8928046822547913,0.33542975783348083,0.8862500190734863,0.3373512327671051
0.8928046822547913,0.3385341763496399,0.8862500190734863,0.33619457483291626
0.8928046822547913,0.3432234227657318,0.8862500190734863,0.3363274037837982
0.8928046822547913,0.33673471212387085,0.8862500190734863,0.3382883071899414
0.8928046822547913,0.3325909674167633,0.8862500190734863,0.3337875008583069
0.8928046822547913,0.3367351293563843,0.8862500190734863,0.33478277921676636
0.8928046822547913,0.33906105160713196,0.8862500190734863,0.33306363224983215
0.8928046822547913,0.3382249176502228,0.8862500190734863,0.33278360962867737
0.8919236660003662,0.33539777994155884,0.8862500190734863,0.33455199003219604
0.8928046822547913,0.33339807391166687,0.8862500190734863,0.3332177698612213
0.8928046822547913,0.3355092406272888,0.8862500190734863,0.33464255928993225
0.8928046822547913,0.33297213912010193,0.8862500190734863,0.33232155442237854
0.8928046822547913,0.33077627420425415,0.8862500190734863,0.32749855518341064
0.8928046822547913,0.33569207787513733,0.8862500190734863,0.3270159661769867
0.8928046822547913,0.33274316787719727,0.8862500190734863,0.33044183254241943
0.8928046822547913,0.3327752947807312,0.8862500190734863,0.33076250553131104
0.8930984139442444,0.33169859647750854,0.8862500190734863,0.3301824629306793
0.8922173380851746,0.3339897096157074,0.8862500190734863,0.3301144540309906
0.8928046822547913,0.3337176740169525,0.8862500190734863,0.3294459581375122
0.8928046822547913,0.3333090841770172,0.8862500190734863,0.33222252130508423
0.8928046822547913,0.3267783224582672,0.8862500190734863,0.329000324010849
0.8928046822547913,0.3317602574825287,0.8862500190734863,0.33322474360466003
0.8928046822547913,0.3335499167442322,0.8862500190734863,0.3295802175998688
0.8928046822547913,0.3278103172779083,0.8862500190734863,0.3252077102661133
0.8925110101699829,0.328990638256073,0.8862500190734863,0.32753273844718933
0.8928046822547913,0.33108100295066833,0.8862500190734863,0.32384586334228516
0.8930984139442444,0.32282328605651855,0.8862500190734863,0.32328855991363525
0.8928046822547913,0.32507428526878357,0.8862500190734863,0.31865033507347107
0.8928046822547913,0.32298192381858826,0.8862500190734863,0.3199068009853363
0.8928046822547913,0.33099475502967834,0.8862500190734863,0.3175707459449768
0.8928046822547913,0.32390424609184265,0.8862500190734863,0.32163187861442566
0.8928046822547913,0.32626643776893616,0.8862500190734863,0.3175797760486603
0.8928046822547913,0.32154232263565063,0.8862500190734863,0.31771084666252136
0.8930984139442444,0.3243812322616577,0.8862500190734863,0.3150893449783325
0.8925110101699829,0.32383063435554504,0.8862500190734863,0.32585227489471436
0.8928046822547913,0.3192126154899597,0.8862500190734863,0.31516602635383606
0.8922173380851746,0.319174587726593,0.8862500190734863,0.3146803379058838
0.8922173380851746,0.3185042440891266,0.8862500190734863,0.31269991397857666
0.8925110101699829,0.3194422423839569,0.8862500190734863,0.3121658265590668
0.8922173380851746,0.3220450282096863,0.8862500190734863,0.3116642236709595
0.8930984139442444,0.31907913088798523,0.8862500190734863,0.31292879581451416
0.8928046822547913,0.317303866147995,0.8862500190734863,0.31040555238723755
0.8933920860290527,0.3207020163536072,0.8862500190734863,0.3109210133552551
0.8922173380851746,0.31706589460372925,0.8862500190734863,0.3091745376586914
0.8928046822547913,0.3167554438114166,0.8862500190734863,0.3095845878124237
0.8928046822547913,0.3188559114933014,0.8862500190734863,0.30856549739837646
0.8928046822547913,0.3173066973686218,0.8862500190734863,0.31054532527923584
0.8930984139442444,0.3145791292190552,0.8862500190734863,0.3086598217487335
0.8936857581138611,0.3090810775756836,0.8862500190734863,0.30985531210899353
0.8928046822547913,0.3129923939704895,0.8862500190734863,0.30881205201148987
0.8930984139442444,0.3142554759979248,0.8862500190734863,0.3074539601802826
0.8939794301986694,0.3097354471683502,0.8862500190734863,0.3052963614463806
0.8936857581138611,0.3118118643760681,0.8862500190734863,0.30984780192375183
0.8925110101699829,0.3158011734485626,0.8862500190734863,0.30363985896110535
0.8925110101699829,0.314904123544693,0.8862500190734863,0.3043369948863983
0.8933920860290527,0.3099971413612366,0.8862500190734863,0.30318135023117065
0.8922173380851746,0.3077668249607086,0.8862500190734863,0.3030160665512085
0.8933920860290527,0.3069379925727844,0.8862500190734863,0.30161914229393005
0.8942731022834778,0.30143171548843384,0.8862500190734863,0.3034513592720032
0.8930984139442444,0.3080705404281616,0.8862500190734863,0.3026849031448364
0.8933920860290527,0.3010367155075073,0.8862500190734863,0.3073525130748749
0.8930984139442444,0.30237630009651184,0.8862500190734863,0.29922378063201904
0.8928046822547913,0.30835458636283875,0.8862500190734863,0.29874947667121887
0.8933920860290527,0.3062148988246918,0.8862500190734863,0.29906660318374634
0.8933920860290527,0.30360183119773865,0.8862500190734863,0.2988165616989136
0.8928046822547913,0.30796170234680176,0.8862500190734863,0.2978053092956543
0.8930984139442444,0.31009092926979065,0.8862500190734863,0.29865214228630066
0.8936857581138611,0.30377790331840515,0.8862500190734863,0.29634353518486023
0.8930984139442444,0.29838448762893677,0.8862500190734863,0.3021143674850464
0.8942731022834778,0.3024540841579437,0.8862500190734863,0.3042682111263275
0.8933920860290527,0.30089035630226135,0.8862500190734863,0.29425662755966187
0.8919236660003662,0.30139461159706116,0.8862500190734863,0.2968476414680481
0.8933920860290527,0.2990012466907501,0.8862500190734863,0.2984432876110077
0.8942731022834778,0.29883870482444763,0.8862500190734863,0.2930234968662262
0.8939794301986694,0.3034089207649231,0.8862500190734863,0.2957744002342224
0.8939794301986694,0.295967161655426,0.8862500190734863,0.293687641620636
0.8939794301986694,0.2986046373844147,0.8862500190734863,0.29776641726493835
0.8925110101699829,0.2989480197429657,0.8862500190734863,0.2924969792366028
0.8951541781425476,0.29584479331970215,0.8862500190734863,0.2913030683994293
0.8939794301986694,0.2914080321788788,0.8862500190734863,0.29264044761657715
0.8939794301986694,0.29616019129753113,0.8862500190734863,0.28891217708587646
0.8948605060577393,0.2959568202495575,0.8862500190734863,0.2903578579425812
0.8948605060577393,0.29351747035980225,0.8862500190734863,0.28838300704956055
0.8939794301986694,0.29971134662628174,0.8862500190734863,0.28802821040153503
0.8948605060577393,0.29175904393196106,0.8862500190734863,0.2857467234134674
0.8972100019454956,0.294153094291687,0.8862500190734863,0.2882165014743805
0.8942731022834778,0.2954813838005066,0.8862500190734863,0.2856685519218445
0.8960352540016174,0.2968601882457733,0.8862500190734863,0.2872570753097534
0.8942731022834778,0.29084306955337524,0.8862500190734863,0.2837202250957489
0.8957415819168091,0.29709917306900024,0.8862500190734863,0.2832847833633423
0.8957415819168091,0.2916266620159149,0.8862500190734863,0.28285181522369385
0.8957415819168091,0.2856389284133911,0.8862500190734863,0.2880344092845917
0.895447850227356,0.2870028018951416,0.8862500190734863,0.2818852365016937
0.8957415819168091,0.29002904891967773,0.8862500190734863,0.28023913502693176
0.8977973461151123,0.2904501259326935,0.8862500190734863,0.28898677229881287
0.8957415819168091,0.2900378108024597,0.8862500190734863,0.287423700094223
0.895447850227356,0.29153627157211304,0.8862500190734863,0.2787158787250519
0.8957415819168091,0.28345537185668945,0.8862500190734863,0.2794141471385956
0.897503674030304,0.2841751277446747,0.8862500190734863,0.2785808742046356
0.8972100019454956,0.2861548960208893,0.8862500190734863,0.2782876491546631
0.895447850227356,0.2844981551170349,0.8862500190734863,0.2772795557975769
0.8957415819168091,0.28648948669433594,0.8862500190734863,0.2763160467147827
0.8957415819168091,0.28345757722854614,0.8862500190734863,0.2799600660800934
0.895447850227356,0.2786145806312561,0.8862500190734863,0.2753317058086395
0.8966225981712341,0.2800791561603546,0.8862500190734863,0.27744483947753906
0.8948605060577393,0.28291046619415283,0.8862500190734863,0.2737817168235779
0.897503674030304,0.2809574604034424,0.8862500190734863,0.2733188569545746
0.8969162702560425,0.2880305051803589,0.8862500190734863,0.27387845516204834
0.8966225981712341,0.2792767286300659,0.887499988079071,0.2721390426158905
0.900440514087677,0.27805617451667786,0.8862500190734863,0.2739796042442322
0.8972100019454956,0.2789152264595032,0.8862500190734863,0.27266567945480347
0.8980910181999207,0.27447709441185,0.8862500190734863,0.27119454741477966
0.8986784219741821,0.2723563611507416,0.8862500190734863,0.27321791648864746
0.8992657661437988,0.27535712718963623,0.8862500190734863,0.2701273262500763
0.8980910181999207,0.27610915899276733,0.8862500190734863,0.2714376151561737
0.8977973461151123,0.27448999881744385,0.887499988079071,0.26860690116882324
0.8983847498893738,0.27107924222946167,0.8862500190734863,0.2682655453681946
0.9001468420028687,0.2703726887702942,0.8862500190734863,0.2807415723800659
0.9007341861724854,0.27209076285362244,0.887499988079071,0.2666851282119751
0.9007341861724854,0.27513009309768677,0.887499988079071,0.2663555443286896
0.9010279178619385,0.27247217297554016,0.887499988079071,0.2655973732471466
0.9016152620315552,0.269076406955719,0.8887500166893005,0.2652120590209961
0.8972100019454956,0.27371829748153687,0.8862500190734863,0.27111193537712097
0.9022026658058167,0.2700425684452057,0.8862500190734863,0.28037598729133606
0.9022026658058167,0.2678395211696625,0.887499988079071,0.26344025135040283
0.9001468420028687,0.26863107085227966,0.8862500190734863,0.27047574520111084
0.9010279178619385,0.2676226496696472,0.887499988079071,0.2628355324268341
0.8998531699180603,0.27707067131996155,0.8862500190734863,0.26536184549331665
0.9007341861724854,0.2703178822994232,0.8912500143051147,0.26148539781570435
0.9013215899467468,0.26494264602661133,0.887499988079071,0.2630239427089691
0.9010279178619385,0.267936646938324,0.8912500143051147,0.260558545589447
0.8998531699180603,0.268538236618042,0.887499988079071,0.2633959949016571
0.9010279178619385,0.26950109004974365,0.8912500143051147,0.2597618103027344
0.9030836820602417,0.2639400064945221,0.8912500143051147,0.25920039415359497
0.9013215899467468,0.2655876576900482,0.887499988079071,0.2591366469860077
0.9001468420028687,0.2645037770271301,0.887499988079071,0.2590387165546417
0.9033774137496948,0.2666248679161072,0.8949999809265137,0.2579636871814728
0.9022026658058167,0.2631542980670929,0.887499988079071,0.25789570808410645
0.9016152620315552,0.2632370889186859,0.887499988079071,0.2586067318916321
0.9007341861724854,0.267789363861084,0.887499988079071,0.25854894518852234
0.9039647579193115,0.2625042796134949,0.887499988079071,0.26271694898605347
0.902496337890625,0.26119041442871094,0.8912500143051147,0.2557802200317383
0.9019089341163635,0.26482489705085754,0.887499988079071,0.260236531496048
0.902496337890625,0.26404306292533875,0.8949999809265137,0.25430411100387573
0.905433177947998,0.25723889470100403,0.893750011920929,0.2540040910243988
0.9086637496948242,0.25925469398498535,0.8987500071525574,0.25404345989227295
0.9036710858345032,0.2626848816871643,0.8924999833106995,0.253493070602417
0.9057268500328064,0.25908488035202026,0.887499988079071,0.2591993510723114
0.9042584300041199,0.2614097595214844,0.887499988079071,0.25805413722991943
0.9086637496948242,0.25520315766334534,0.8912500143051147,0.2526763677597046
0.9051395058631897,0.2604553997516632,0.8987500071525574,0.2514007091522217
0.9069015979766846,0.25595033168792725,0.8912500143051147,0.2531668543815613
0.9066079258918762,0.2532920837402344,0.887499988079071,0.2563687860965729
0.9036710858345032,0.25499871373176575,0.8962500095367432,0.2502361536026001
0.9039647579193115,0.26020556688308716,0.8949999809265137,0.2502104938030243
0.9045521020889282,0.2568529546260834,0.8987500071525574,0.24905014038085938
0.9057268500328064,0.25692081451416016,0.8962500095367432,0.2489144206047058
0.9063142538070679,0.24953284859657288,0.8987500071525574,0.24797508120536804
0.9063142538070679,0.24772794544696808,0.8912500143051147,0.25041958689689636
0.9057268500328064,0.2485191971063614,0.8912500143051147,0.2512826919555664
0.9077826738357544,0.2481444627046585,0.8987500071525574,0.246593177318573
0.9071953296661377,0.25045785307884216,0.8974999785423279,0.24646411836147308
0.9066079258918762,0.24669727683067322,0.9037500023841858,0.24640041589736938
0.9101321697235107,0.25154849886894226,0.8924999833106995,0.24877065420150757
0.907489001750946,0.2516770362854004,0.9012500047683716,0.24494768679141998
0.9092510938644409,0.24383120238780975,0.8987500071525574,0.2442002147436142
0.907489001750946,0.25397709012031555,0.8887500166893005,0.2519223690032959
0.9060205817222595,0.24960623681545258,0.8999999761581421,0.2436559647321701
0.9113069176673889,0.25155580043792725,0.8987500071525574,0.24356529116630554
0.9104258418083191,0.24678854644298553,0.893750011920929,0.24728511273860931
0.9089574217796326,0.24836218357086182,0.9012500047683716,0.24232637882232666
0.9077826738357544,0.25202587246894836,0.9037500023841858,0.24177904427051544
0.9124816656112671,0.24412572383880615,0.9012500047683716,0.24110299348831177
0.9080763459205627,0.2471926510334015,0.9012500047683716,0.24074499309062958
0.9095447659492493,0.2459120750427246,0.9012500047683716,0.24080036580562592
0.9113069176673889,0.24650061130523682,0.8987500071525574,0.24065397679805756
0.9118942618370056,0.24587567150592804,0.8987500071525574,0.24156454205513
0.9118942618370056,0.2411138415336609,0.8987500071525574,0.24038463830947876
0.9113069176673889,0.24442048370838165,0.9037500023841858,0.23887227475643158
0.912187933921814,0.24301846325397491,0.9024999737739563,0.23848649859428406
0.9116005897521973,0.23803173005580902,0.9037500023841858,0.23748962581157684
0.9136564135551453,0.2412385195493698,0.8974999785423279,0.24119092524051666
0.9101321697235107,0.24156427383422852,0.8962500095367432,0.24205611646175385
0.9104258418083191,0.24152597784996033,0.9012500047683716,0.2379778027534485
0.9095447659492493,0.2469947338104248,0.9012500047683716,0.23713354766368866
0.9124816656112671,0.23878054320812225,0.9049999713897705,0.235967218875885
0.9133626818656921,0.23293517529964447,0.9049999713897705,0.23550556600093842
0.9157121777534485,0.23873034119606018,0.9024999737739563,0.2360173761844635
0.9118942618370056,0.2374655306339264,0.9024999737739563,0.2353992462158203
0.91629958152771,0.23665425181388855,0.9049999713897705,0.2344583123922348
0.9116005897521973,0.23490765690803528,0.9037500023841858,0.23460498452186584
0.9174743294715881,0.23022909462451935,0.9049999713897705,0.23345990478992462
0.9116005897521973,0.23797303438186646,0.9112499952316284,0.23369021713733673
0.9127753376960754,0.23540985584259033,0.9100000262260437,0.23291988670825958
0.9165932536125183,0.23040162026882172,0.9049999713897705,0.23202690482139587
0.9118942618370056,0.23477530479431152,0.9024999737739563,0.23347215354442596
0.9133626818656921,0.2343374341726303,0.9024999737739563,0.23285648226737976
0.9145374298095703,0.23347745835781097,0.9100000262260437,0.23078088462352753
0.9151248335838318,0.23840348422527313,0.9037500023841858,0.23195520043373108
0.9151248335838318,0.23555153608322144,0.9100000262260437,0.2301369607448578
0.9148311018943787,0.2269347459077835,0.9049999713897705,0.2307799756526947
0.9151248335838318,0.23457877337932587,0.9024999737739563,0.23227886855602264
0.9151248335838318,0.23255588114261627,0.9100000262260437,0.22906845808029175
0.9145374298095703,0.23061124980449677,0.9024999737739563,0.2321532666683197
0.9133626818656921,0.23748813569545746,0.9012500047683716,0.23410354554653168
0.9136564135551453,0.2326114922761917,0.9100000262260437,0.2276514768600464
0.9139500856399536,0.23037268221378326,0.9112499952316284,0.2273883819580078
0.9180616736412048,0.22867263853549957,0.9037500023841858,0.2302202731370926
0.9160058498382568,0.22302795946598053,0.9049999713897705,0.2279687374830246
0.9151248335838318,0.23179171979427338,0.90625,0.2267787605524063
0.9154185056686401,0.23194608092308044,0.9012500047683716,0.23454135656356812
0.91629958152771,0.2266521453857422,0.9100000262260437,0.22587914764881134
0.9154185056686401,0.22808650135993958,0.9100000262260437,0.22482429444789886
0.9139500856399536,0.22581560909748077,0.9112499952316284,0.22450773417949677
0.9157121777534485,0.22977377474308014,0.9049999713897705,0.22725920379161835
0.917180597782135,0.2243478149175644,0.9024999737739563,0.23137067258358002
0.9183553457260132,0.2215530276298523,0.9112499952316284,0.22340618073940277
0.9180616736412048,0.22337095439434052,0.9112499952316284,0.22291751205921173
0.9186490178108215,0.22313350439071655,0.9112499952316284,0.22286047041416168
0.9186490178108215,0.22558152675628662,0.9112499952316284,0.22213272750377655
0.9186490178108215,0.22034023702144623,0.9125000238418579,0.2215874344110489
0.9186490178108215,0.22602014243602753,0.90625,0.2234465628862381
0.9201174974441528,0.22140716016292572,0.9049999713897705,0.22568193078041077
0.917180597782135,0.22068414092063904,0.9100000262260437,0.22271211445331573
0.917180597782135,0.22431205213069916,0.9112499952316284,0.2213813066482544
0.921292245388031,0.22245147824287415,0.9087499976158142,0.22258470952510834
0.9180616736412048,0.22136886417865753,0.9137499928474426,0.21954545378684998
0.9198237657546997,0.2190437763929367,0.9125000238418579,0.21910212934017181
0.9198237657546997,0.22041364014148712,0.9125000238418579,0.21939276158809662
0.9198237657546997,0.2197003960609436,0.90625,0.2221844345331192
0.919236421585083,0.2160998433828354,0.90625,0.2230697125196457
0.919236421585083,0.21714505553245544,0.9137499928474426,0.21767330169677734
0.917180597782135,0.22337274253368378,0.9225000143051147,0.21879391372203827
0.9180616736412048,0.22530876100063324,0.9137499928474426,0.21763306856155396
0.9215859174728394,0.2138851284980774,0.9024999737739563,0.23016056418418884
0.921292245388031,0.22019754350185394,0.90625,0.2212933599948883
0.9209985136985779,0.214934840798378,0.9100000262260437,0.21856491267681122
0.9186490178108215,0.2196931391954422,0.9075000286102295,0.2197214663028717
0.9195300936698914,0.21476340293884277,0.9137499928474426,0.21595260500907898
0.9209985136985779,0.21308791637420654,0.918749988079071,0.21506276726722717
0.921292245388031,0.20927345752716064,0.90625,0.22315700352191925
0.9183553457260132,0.21544620394706726,0.9125000238418579,0.2142176777124405
0.919236421585083,0.21493001282215118,0.9137499928474426,0.21548429131507874
0.9233480095863342,0.2092636376619339,0.9150000214576721,0.21331076323986053
0.9248164296150208,0.21247348189353943,0.9137499928474426,0.21583300828933716
0.9224669337272644,0.20892015099525452,0.90625,0.22140927612781525
0.9209985136985779,0.21340520679950714,0.9100000262260437,0.21662244200706482
0.9254038333892822,0.20315620303153992,0.9100000262260437,0.21596603095531464
0.9215859174728394,0.21302957832813263,0.9137499928474426,0.21498557925224304
0.9236416816711426,0.2086615115404129,0.9162499904632568,0.21116632223129272
0.9195300936698914,0.21248087286949158,0.9225000143051147,0.21065212786197662
0.9218795895576477,0.21407057344913483,0.9175000190734863,0.210030198097229
0.921292245388031,0.21073603630065918,0.9275000095367432,0.21248149871826172
0.9233480095863342,0.21011720597743988,0.9137499928474426,0.21061354875564575
0.9245227575302124,0.20761334896087646,0.9175000190734863,0.21026691794395447
0.921292245388031,0.20644362270832062,0.9125000238418579,0.21136237680912018
0.9207048416137695,0.20666129887104034,0.90625,0.21600642800331116
0.9251101613044739,0.20819547772407532,0.9225000143051147,0.20833629369735718
0.93098384141922,0.20022010803222656,0.9212499856948853,0.20781123638153076
0.9239354133605957,0.20267993211746216,0.925000011920929,0.2084009349346161
0.9254038333892822,0.20788919925689697,0.918749988079071,0.20682114362716675
0.9236416816711426,0.20263823866844177,0.9162499904632568,0.20744378864765167
0.9262848496437073,0.2078278809785843,0.9137499928474426,0.20832346379756927
0.924229085445404,0.20460326969623566,0.9262499809265137,0.2067812979221344
0.9254038333892822,0.20010514557361603,0.918749988079071,0.20629826188087463
0.9248164296150208,0.20343488454818726,0.9225000143051147,0.20529775321483612
0.9227606654167175,0.2007632553577423,0.9037500023841858,0.22884036600589752
0.9262848496437073,0.19643574953079224,0.9162499904632568,0.20620174705982208
0.9256975054740906,0.1988755613565445,0.9287499785423279,0.20525212585926056
0.9230543375015259,0.203027606010437,0.925000011920929,0.20331069827079773
0.9215859174728394,0.2042679637670517,0.9175000190734863,0.2047629952430725
0.9274595975875854,0.20649656653404236,0.9337499737739563,0.20391927659511566
0.9268722534179688,0.19658194482326508,0.9237499833106995,0.2029055804014206
0.9245227575302124,0.2019146829843521,0.9137499928474426,0.20711831748485565
0.9248164296150208,0.19864057004451752,0.925000011920929,0.20214736461639404
0.9262848496437073,0.1986338049173355,0.9200000166893005,0.2026994526386261
0.9298090934753418,0.19590437412261963,0.9262499809265137,0.2015349566936493
0.9262848496437073,0.19506162405014038,0.9262499809265137,0.20086811482906342
0.9262848496437073,0.19709651172161102,0.925000011920929,0.20074470341205597
0.9268722534179688,0.1929650902748108,0.9312499761581421,0.20001398026943207
0.9295154213905334,0.195392444729805,0.9137499928474426,0.20841951668262482
0.9277533292770386,0.1949997991323471,0.9325000047683716,0.19966185092926025
0.928928017616272,0.1928132176399231,0.9212499856948853,0.20065544545650482
0.9265785813331604,0.1964876353740692,0.9300000071525574,0.1981419026851654
0.93098384141922,0.19356800615787506,0.9237499833106995,0.20100796222686768
0.93098384141922,0.1931721419095993,0.9325000047683716,0.19721689820289612
0.9271659255027771,0.19524525105953217,0.9237499833106995,0.19860081374645233
0.9303964972496033,0.1924264132976532,0.925000011920929,0.19689412415027618
0.9306901693344116,0.19040726125240326,0.9350000023841858,0.19715608656406403
0.9259911775588989,0.19273191690444946,0.9212499856948853,0.1995241492986679
0.9303964972496033,0.18785488605499268,0.925000011920929,0.19576847553253174
0.9277533292770386,0.19489815831184387,0.9150000214576721,0.20313461124897003
0.9324522614479065,0.19237670302391052,0.9262499809265137,0.19638778269290924
0.9336270093917847,0.18435780704021454,0.925000011920929,0.19493284821510315
0.9306901693344116,0.19005660712718964,0.9312499761581421,0.19381435215473175
0.9356828331947327,0.18565578758716583,0.925000011920929,0.19447140395641327
0.9306901693344116,0.1847638040781021,0.918749988079071,0.19763687252998352
0.9262848496437073,0.19181545078754425,0.9262499809265137,0.19467605650424957
0.9315712451934814,0.1858452558517456,0.9375,0.1945151686668396
0.9268722534179688,0.19038359820842743,0.9300000071525574,0.19233101606369019
0.9333333373069763,0.18266266584396362,0.9225000143051147,0.19868385791778564
0.9274595975875854,0.1899159997701645,0.9175000190734863,0.1979091465473175
0.933039665222168,0.1852850615978241,0.9225000143051147,0.1960449367761612
0.9292217493057251,0.1877882331609726,0.9262499809265137,0.19299764931201935
0.9306901693344116,0.1871909499168396,0.9262499809265137,0.19384588301181793
0.9324522614479065,0.1901271492242813,0.9262499809265137,0.19516338407993317
0.9324522614479065,0.18292376399040222,0.9212499856948853,0.1973845362663269
0.9356828331947327,0.17797110974788666,0.9262499809265137,0.19488081336021423
0.9342144131660461,0.1853461116552353,0.9262499809265137,0.19117097556591034
0.9336270093917847,0.182603657245636,0.9362499713897705,0.18914169073104858
0.9295154213905334,0.18450158834457397,0.9350000023841858,0.18840497732162476
0.9306901693344116,0.18370546400547028,0.9312499761581421,0.18809695541858673
0.933039665222168,0.1824347972869873,0.9337499737739563,0.18753638863563538
0.9318649172782898,0.17896930873394012,0.9325000047683716,0.18775123357772827
0.933920681476593,0.18832240998744965,0.9262499809265137,0.1915496587753296
0.9345080852508545,0.1826249361038208,0.9325000047683716,0.18805906176567078
0.933920681476593,0.17779794335365295,0.9262499809265137,0.19283969700336456
0.9345080852508545,0.1808484047651291,0.9275000095367432,0.1903219074010849
0.9374449253082275,0.17628051340579987,0.9287499785423279,0.18660832941532135
0.933039665222168,0.18015620112419128,0.9262499809265137,0.1912984400987625
0.9315712451934814,0.17971302568912506,0.9399999976158142,0.1855032593011856
0.9356828331947327,0.17643293738365173,0.9362499713897705,0.18436835706233978
0.9374449253082275,0.17593379318714142,0.9337499737739563,0.18514801561832428
0.9356828331947327,0.1779099702835083,0.9337499737739563,0.1844331920146942
0.9350954294204712,0.17841312289237976,0.9275000095367432,0.190338134765625
0.9365638494491577,0.17472925782203674,0.9325000047683716,0.18419748544692993
0.9395007491111755,0.17405961453914642,0.9300000071525574,0.18683427572250366
0.9389133453369141,0.17432935535907745,0.9300000071525574,0.18476241827011108
0.9383260011672974,0.1722547560930252,0.9325000047683716,0.18396154046058655
0.933920681476593,0.1793360710144043,0.9362499713897705,0.18194763362407684
0.935976505279541,0.173595130443573,0.9325000047683716,0.18364791572093964
0.9342144131660461,0.1720828264951706,0.9312499761581421,0.1834334433078766
0.9377385973930359,0.17314673960208893,0.9262499809265137,0.18631453812122345
0.9392070770263672,0.17186899483203888,0.9362499713897705,0.1810869425535202
0.9386196732521057,0.17167405784130096,0.9312499761581421,0.18348069489002228
0.9356828331947327,0.16877678036689758,0.9399999976158142,0.17984403669834137
0.9397944211959839,0.17151440680027008,0.925000011920929,0.18877345323562622
0.9392070770263672,0.17319698631763458,0.9325000047683716,0.18110132217407227
0.9371512532234192,0.16771620512008667,0.9387500286102295,0.17853648960590363
0.9362701773643494,0.17185619473457336,0.9325000047683716,0.18078972399234772
0.9374449253082275,0.175521582365036,0.9325000047683716,0.18383237719535828
0.9400880932807922,0.16487377882003784,0.9325000047683716,0.1813083291053772
0.9362701773643494,0.16915227472782135,0.9350000023841858,0.17795665562152863
0.9350954294204712,0.1734205186367035,0.9325000047683716,0.17856064438819885
0.9362701773643494,0.17423534393310547,0.9350000023841858,0.17768606543540955
0.9415565133094788,0.16972507536411285,0.9350000023841858,0.17686176300048828
0.9395007491111755,0.16388265788555145,0.9375,0.17693103849887848
0.9397944211959839,0.16605955362319946,0.9350000023841858,0.17736946046352386
0.938032329082489,0.1655869334936142,0.9399999976158142,0.17562714219093323
0.9406754970550537,0.1676550656557083,0.9337499737739563,0.17628249526023865
0.9356828331947327,0.16464053094387054,0.9287499785423279,0.1847897469997406
0.9395007491111755,0.16900891065597534,0.9350000023841858,0.1766628473997116
0.9433186650276184,0.16041888296604156,0.9300000071525574,0.1844710409641266
0.9424375891685486,0.1661144644021988,0.9300000071525574,0.18364796042442322
0.9418502449989319,0.16536809504032135,0.9325000047683716,0.17683711647987366
0.938032329082489,0.16444054245948792,0.9337499737739563,0.17600175738334656
0.9383260011672974,0.1650599241256714,0.9424999952316284,0.1731967329978943
0.9397944211959839,0.16301396489143372,0.9325000047683716,0.1751706749200821
0.9383260011672974,0.16616280376911163,0.9350000023841858,0.1742382049560547
0.9421439170837402,0.1593262255191803,0.9287499785423279,0.18186336755752563
0.9415565133094788,0.15741118788719177,0.9387500286102295,0.1714569479227066
0.9433186650276184,0.15831463038921356,0.9275000095367432,0.18725234270095825
0.9421439170837402,0.15921640396118164,0.9337499737739563,0.17596305906772614
0.9441996812820435,0.15501190721988678,0.9387500286102295,0.17098189890384674
0.9418502449989319,0.16086629033088684,0.9325000047683716,0.17473945021629333
0.9392070770263672,0.16092021763324738,0.9325000047683716,0.17263393104076385
0.9403817653656006,0.16016677021980286,0.9350000023841858,0.17363813519477844
0.9406754970550537,0.15965671837329865,0.9325000047683716,0.17650051414966583
0.9433186650276184,0.15803447365760803,0.9312499761581421,0.1787511259317398
0.9421439170837402,0.1562938690185547,0.9350000023841858,0.1728115975856781
0.9430249929428101,0.1573355495929718,0.9337499737739563,0.1707039773464203
0.9486050009727478,0.14874167740345,0.9350000023841858,0.17547662556171417
0.9412628412246704,0.16273236274719238,0.9275000095367432,0.18075832724571228
0.9444934129714966,0.15436354279518127,0.9350000023841858,0.1694059818983078
0.9424375891685486,0.1576903760433197,0.9412500262260437,0.16706208884716034
0.9441996812820435,0.15459410846233368,0.9399999976158142,0.1686580628156662
0.9453744292259216,0.15251637995243073,0.9350000023841858,0.16787876188755035
0.9439060091972351,0.15476398169994354,0.9362499713897705,0.1676826924085617
0.9412628412246704,0.15634983777999878,0.9350000023841858,0.16731254756450653
0.9436123371124268,0.15072627365589142,0.9350000023841858,0.17117035388946533
0.9456681609153748,0.15096431970596313,0.9362499713897705,0.16836826503276825
0.9433186650276184,0.15198516845703125,0.9375,0.16564792394638062
0.9465491771697998,0.14980943500995636,0.9337499737739563,0.17520450055599213
0.947723925113678,0.1498863399028778,0.9362499713897705,0.16565777361392975
0.9453744292259216,0.15344637632369995,0.9350000023841858,0.1664176881313324
0.9453744292259216,0.1500568389892578,0.9350000023841858,0.16926540434360504
0.9468428492546082,0.15305067598819733,0.9325000047683716,0.17610281705856323
0.9468428492546082,0.15420980751514435,0.9375,0.16381138563156128
0.9465491771697998,0.1478670984506607,0.9362499713897705,0.16907721757888794
0.9439060091972351,0.1468169093132019,0.9412500262260437,0.1628134399652481
0.9471365809440613,0.14801053702831268,0.9487500190734863,0.16327260434627533
0.9456681609153748,0.1468658447265625,0.9487500190734863,0.16313886642456055
0.949779748916626,0.1450541466474533,0.9350000023841858,0.1639781892299652
0.9471365809440613,0.14164838194847107,0.9350000023841858,0.16805872321128845
0.9465491771697998,0.14923429489135742,0.9337499737739563,0.168481707572937
0.9462555050849915,0.149676114320755,0.9387500286102295,0.16198396682739258
0.9491923451423645,0.1427140086889267,0.9412500262260437,0.1609928160905838
0.9509544968605042,0.14007745683193207,0.9399999976158142,0.1627071350812912
0.954772412776947,0.13927924633026123,0.9449999928474426,0.16000396013259888
0.949779748916626,0.14489170908927917,0.9337499737739563,0.17146548628807068
0.9474302530288696,0.1450505405664444,0.9375,0.16093215346336365
0.9535976648330688,0.1426461935043335,0.9462500214576721,0.15920855104923248
0.9459618330001831,0.14925411343574524,0.9337499737739563,0.16895470023155212
0.9483113288879395,0.13843439519405365,0.949999988079071,0.15863114595413208
0.9544786810874939,0.13627108931541443,0.9350000023841858,0.17230476438999176
0.950660765171051,0.13927941024303436,0.9362499713897705,0.1620611995458603
0.9509544968605042,0.1411515325307846,0.9424999952316284,0.1579425185918808
0.9500734210014343,0.13996176421642303,0.9362499713897705,0.1603134125471115
0.9509544968605042,0.13587532937526703,0.9362499713897705,0.15990504622459412
0.9512481689453125,0.1373443901538849,0.9437500238418579,0.1583697497844696
0.9503670930862427,0.14154578745365143,0.9350000023841858,0.16249197721481323
0.9538913369178772,0.13305383920669556,0.9375,0.16028617322444916
0.9533039927482605,0.13697589933872223,0.9399999976158142,0.15707433223724365
0.9524229168891907,0.14087940752506256,0.9325000047683716,0.1647767573595047
0.9530102610588074,0.13563425838947296,0.9375,0.1595507562160492
0.9550660848617554,0.13700495660305023,0.9312499761581421,0.17302465438842773
0.949779748916626,0.13644054532051086,0.9462500214576721,0.156280517578125
0.9535976648330688,0.1356707662343979,0.9424999952316284,0.15773092210292816
0.9512481689453125,0.13451173901557922,0.949999988079071,0.15401944518089294
0.9521292448043823,0.13615980744361877,0.9437500238418579,0.15672703087329865
0.9580029249191284,0.14142902195453644,0.949999988079071,0.15372614562511444
0.9515418410301208,0.13638417422771454,0.9362499713897705,0.15981680154800415
0.954772412776947,0.1312626153230667,0.9300000071525574,0.17444537580013275
0.9565345048904419,0.13364315032958984,0.9362499713897705,0.15830105543136597
0.9544786810874939,0.13198351860046387,0.9512500166893005,0.15421296656131744
0.9562408328056335,0.13113462924957275,0.9437500238418579,0.1559883952140808
0.9574155807495117,0.1312231719493866,0.9362499713897705,0.15861296653747559
0.9580029249191284,0.13091543316841125,0.9399999976158142,0.15522371232509613
0.952716588973999,0.13500215113162994,0.9399999976158142,0.1585407704114914
0.9533039927482605,0.1307174414396286,0.9362499713897705,0.15752020478248596
0.9530102610588074,0.135831817984581,0.9375,0.1575755774974823
0.9544786810874939,0.12885096669197083,0.9399999976158142,0.15657325088977814
0.9574155807495117,0.1280057281255722,0.9424999952316284,0.15516965091228485
0.9580029249191284,0.1300487071275711,0.9462500214576721,0.15295909345149994
0.9538913369178772,0.1314118504524231,0.9337499737739563,0.16213269531726837
0.954772412776947,0.12814836204051971,0.9362499713897705,0.1570853590965271
0.9574155807495117,0.12443211674690247,0.9312499761581421,0.1684531718492508
0.9530102610588074,0.135234072804451,0.9350000023841858,0.158523291349411
0.9577092528343201,0.12750600278377533,0.9487500190734863,0.1498832106590271
0.9556534290313721,0.1270774006843567,0.9337499737739563,0.1618247628211975
0.9553597569465637,0.12283233553171158,0.9362499713897705,0.15916213393211365
0.9550660848617554,0.1288766711950302,0.9537500143051147,0.14750269055366516
0.9550660848617554,0.12796370685100555,0.9462500214576721,0.1500183343887329
0.9568281769752502,0.12617692351341248,0.9449999928474426,0.14915630221366882
0.9606460928916931,0.12269513309001923,0.9449999928474426,0.15228275954723358
0.9556534290313721,0.12832751870155334,0.9412500262260437,0.15689466893672943
0.9565345048904419,0.12809476256370544,0.9462500214576721,0.14935405552387238
0.9612334966659546,0.12622393667697906,0.9462500214576721,0.14863499999046326
0.9588840007781982,0.12334766238927841,0.949999988079071,0.14785374701023102
0.9577092528343201,0.12057291716337204,0.9449999928474426,0.15188047289848328
0.9600587487220764,0.12029235064983368,0.9312499761581421,0.1690051108598709
0.9559471607208252,0.1253335177898407,0.9512500166893005,0.14537864923477173
0.9582965970039368,0.12370509654283524,0.9449999928474426,0.15062090754508972
0.9585903286933899,0.12224507331848145,0.9462500214576721,0.14783908426761627
0.9574155807495117,0.12315378338098526,0.9487500190734863,0.14542116224765778
0.9594713449478149,0.12225112318992615,0.9474999904632568,0.1469779908657074
0.9565345048904419,0.11922115087509155,0.9537500143051147,0.1444685310125351
0.9600587487220764,0.1264476776123047,0.9362499713897705,0.15401960909366608
0.9585903286933899,0.12409762293100357,0.9449999928474426,0.1474563181400299
0.9624082446098328,0.11843352764844894,0.9350000023841858,0.16020290553569794
0.9597650766372681,0.12436400353908539,0.949999988079071,0.14363333582878113
0.9632892608642578,0.11799627542495728,0.9424999952316284,0.14971305429935455
0.9609397649765015,0.12060794979333878,0.9399999976158142,0.1487487107515335
0.9568281769752502,0.12495842576026917,0.9375,0.1555413007736206
0.9577092528343201,0.11885706335306168,0.9524999856948853,0.14141887426376343
0.9609397649765015,0.11966878175735474,0.9375,0.1524735391139984
0.9603524208068848,0.11969392746686935,0.9524999856948853,0.14155185222625732
0.9612334966659546,0.11740077286958694,0.9412500262260437,0.15598903596401215
0.9588840007781982,0.1142100840806961,0.9375,0.15477138757705688
0.9632892608642578,0.11612745374441147,0.9437500238418579,0.14773668348789215
0.9615271687507629,0.11814899742603302,0.9387500286102295,0.15233486890792847
0.9609397649765015,0.1182231679558754,0.9524999856948853,0.1414250135421753
0.964464008808136,0.11918235570192337,0.9449999928474426,0.14527645707130432
0.9641703367233276,0.1153888925909996,0.9524999856948853,0.1407737284898758
0.964464008808136,0.11437436193227768,0.9399999976158142,0.15176747739315033
0.9629955887794495,0.11167306452989578,0.9487500190734863,0.14172188937664032
0.9603524208068848,0.11493910104036331,0.9462500214576721,0.14286094903945923
0.9627019166946411,0.11270403116941452,0.9474999904632568,0.14486072957515717
0.9635829925537109,0.10965976119041443,0.9424999952316284,0.1477571576833725
0.964464008808136,0.11105774343013763,0.9462500214576721,0.14291450381278992
0.9638766646385193,0.11593563109636307,0.9474999904632568,0.14206832647323608
0.9609397649765015,0.11717116087675095,0.949999988079071,0.14062654972076416
0.9647576808929443,0.11179591715335846,0.9549999833106995,0.13728494942188263
0.9638766646385193,0.11130689084529877,0.9375,0.15205757319927216
0.9647576808929443,0.107200026512146,0.9449999928474426,0.14360497891902924
0.9588840007781982,0.10990127176046371,0.9474999904632568,0.14421671628952026
0.9629955887794495,0.11394286155700684,0.9474999904632568,0.14052242040634155
0.9632892608642578,0.1124512329697609,0.9487500190734863,0.14006371796131134
0.9594713449478149,0.10958611220121384,0.9437500238418579,0.15060271322727203
0.9653450846672058,0.11057217419147491,0.9462500214576721,0.14023999869823456
0.9674009084701538,0.10951714962720871,0.9462500214576721,0.14273583889007568
0.9627019166946411,0.10537638515233994,0.9474999904632568,0.1385120004415512
0.9632892608642578,0.10839243233203888,0.9474999904632568,0.13853487372398376
0.9668135046958923,0.10469968616962433,0.956250011920929,0.13534733653068542
0.9621145129203796,0.11048128455877304,0.949999988079071,0.1374731808900833
0.9627019166946411,0.10902871191501617,0.9512500166893005,0.1375027894973755
0.9691630005836487,0.10521047562360764,0.949999988079071,0.13693538308143616
0.9653450846672058,0.10866666585206985,0.9449999928474426,0.14112535119056702
0.9650514125823975,0.1059986799955368,0.9474999904632568,0.14097800850868225
0.9627019166946411,0.10586196184158325,0.9462500214576721,0.14170293509960175
0.9659324288368225,0.10701153427362442,0.949999988079071,0.1367742419242859
0.9679882526397705,0.10525123029947281,0.9437500238418579,0.14272013306617737
0.9618208408355713,0.11405007541179657,0.9474999904632568,0.13995443284511566
0.969456672668457,0.10051625221967697,0.949999988079071,0.13705436885356903
0.9635829925537109,0.10814560204744339,0.9612500071525574,0.13050056993961334
0.9671071767807007,0.10608144104480743,0.949999988079071,0.1358909159898758
0.9650514125823975,0.1066315546631813,0.9474999904632568,0.14139282703399658
0.9656387567520142,0.10328792780637741,0.9462500214576721,0.13939164578914642
0.9712188243865967,0.09904781728982925,0.9512500166893005,0.1338997781276703
0.9662261605262756,0.1023385226726532,0.9412500262260437,0.15012896060943604
0.9671071767807007,0.10630478709936142,0.9437500238418579,0.14601701498031616
0.9653450846672058,0.10379883646965027,0.9574999809265137,0.1299486756324768
0.9688693284988403,0.10029236227273941,0.9537500143051147,0.13325874507427216
0.9676945805549622,0.10401659458875656,0.949999988079071,0.13435587286949158
0.969456672668457,0.09627814590930939,0.949999988079071,0.1356947422027588
0.9671071767807007,0.10014037042856216,0.9474999904632568,0.13553613424301147
0.9676945805549622,0.1025368869304657,0.9524999856948853,0.13183969259262085
0.9662261605262756,0.09911815077066422,0.9549999833106995,0.13028432428836823
0.9668135046958923,0.10165423154830933,0.9462500214576721,0.13893434405326843
0.9691630005836487,0.09921207278966904,0.9474999904632568,0.13474781811237335
0.9691630005836487,0.09895199537277222,0.9537500143051147,0.1319393515586853
0.9662261605262756,0.0994284376502037,0.9512500166893005,0.13144181668758392
0.969456672668457,0.10044924169778824,0.9537500143051147,0.13043265044689178
0.9688693284988403,0.09741204977035522,0.9437500238418579,0.14521613717079163
0.9685755968093872,0.09839309006929398,0.9524999856948853,0.13076817989349365
0.9712188243865967,0.09559205174446106,0.9524999856948853,0.13115577399730682
0.9697503447532654,0.09489566087722778,0.9512500166893005,0.1308991014957428
0.9703377485275269,0.09406568855047226,0.9524999856948853,0.13029804825782776
0.9685755968093872,0.09599357843399048,0.9524999856948853,0.13046902418136597
0.9691630005836487,0.09659489244222641,0.9524999856948853,0.12983596324920654
0.9691630005836487,0.0947822704911232,0.9487500190734863,0.1358238011598587
0.9688693284988403,0.09383006393909454,0.9524999856948853,0.1297561228275299
0.971512496471405,0.09303417056798935,0.9537500143051147,0.12912410497665405
0.9697503447532654,0.09523525089025497,0.9524999856948853,0.12932850420475006
0.9682819247245789,0.09478111565113068,0.9474999904632568,0.14084237813949585
0.9709250926971436,0.09345315396785736,0.9524999856948853,0.12913921475410461
0.9729809165000916,0.09071604162454605,0.9612500071525574,0.12473022192716599
0.969456672668457,0.09347645938396454,0.9474999904632568,0.13731281459331512
0.9735682606697083,0.09199817478656769,0.9487500190734863,0.1318979412317276
0.9729809165000916,0.08849548548460007,0.9524999856948853,0.12826672196388245
0.9703377485275269,0.09205567091703415,0.949999988079071,0.13037079572677612
0.966519832611084,0.09118257462978363,0.9524999856948853,0.12789537012577057
0.9732745885848999,0.09181211143732071,0.9574999809265137,0.12561748921871185
0.9685755968093872,0.09166192263364792,0.9524999856948853,0.12811730802059174
0.9720998406410217,0.0888051837682724,0.956250011920929,0.12522637844085693
0.9706314206123352,0.0945710688829422,0.9474999904632568,0.1312500536441803
0.9691630005836487,0.0921001136302948,0.9612500071525574,0.12213744968175888
0.9685755968093872,0.09484691917896271,0.9612500071525574,0.12250294536352158
0.9682819247245789,0.09306614845991135,0.956250011920929,0.12434519827365875
0.9729809165000916,0.08827020972967148,0.9524999856948853,0.12738949060440063
0.9720998406410217,0.09072904288768768,0.9549999833106995,0.12584412097930908
0.9682819247245789,0.09037616848945618,0.9662500023841858,0.12104661762714386
0.9706314206123352,0.0935005471110344,0.9487500190734863,0.13424929976463318
0.9729809165000916,0.08725959807634354,0.9524999856948853,0.12730848789215088
0.9712188243865967,0.09161384403705597,0.9549999833106995,0.12369058281183243
0.9712188243865967,0.0863027274608612,0.9612500071525574,0.12164157629013062
0.9735682606697083,0.08981041610240936,0.9574999809265137,0.12345967441797256
0.9723935127258301,0.09134326875209808,0.956250011920929,0.1246299296617508
0.9723935127258301,0.091814324259758,0.9487500190734863,0.13121287524700165
0.9720998406410217,0.0872911736369133,0.9524999856948853,0.1273423135280609
0.9726872444152832,0.08734302222728729,0.9537500143051147,0.12674520909786224
0.9709250926971436,0.08752274513244629,0.9512500166893005,0.13071760535240173
0.971512496471405,0.08657907694578171,0.9574999809265137,0.12088704854249954
0.9732745885848999,0.08692599833011627,0.9474999904632568,0.13552962243556976
0.9729809165000916,0.0864010825753212,0.9524999856948853,0.12497366964817047
0.9750367403030396,0.0820108950138092,0.9524999856948853,0.12696582078933716
0.9735682606697083,0.08616795390844345,0.9587500095367432,0.12121260911226273
0.9718061685562134,0.08642890304327011,0.9649999737739563,0.117465078830719
0.9726872444152832,0.08563454449176788,0.9624999761581421,0.11729591339826584
0.9753304123878479,0.08236419409513474,0.956250011920929,0.12269851565361023
0.9741556644439697,0.08409716188907623,0.9574999809265137,0.11987685412168503
0.9753304123878479,0.08028330653905869,0.9487500190734863,0.13009223341941833
0.9720998406410217,0.08660341799259186,0.9574999809265137,0.12039422988891602
0.9729809165000916,0.08092918246984482,0.9524999856948853,0.1257144659757614
0.9744493365287781,0.08642078191041946,0.9624999761581421,0.11748015135526657
0.9744493365287781,0.08178392052650452,0.9587500095367432,0.11959058046340942
0.9726872444152832,0.0869208499789238,0.9574999809265137,0.12083400040864944
0.9729809165000916,0.08356241136789322,0.9574999809265137,0.11958903074264526
0.9741556644439697,0.08439479768276215,0.9612500071525574,0.11861031502485275
0.976211428642273,0.0797598659992218,0.9537500143051147,0.124227374792099
0.9718061685562134,0.08431383222341537,0.9487500190734863,0.129638671875
0.9794420003890991,0.07975257933139801,0.9549999833106995,0.12317954003810883
0.9750367403030396,0.08138357102870941,0.956250011920929,0.12090162932872772
0.9720998406410217,0.0850633904337883,0.9524999856948853,0.12484747171401978
0.9759177565574646,0.07722567021846771,0.9449999928474426,0.13909150660037994
0.9729809165000916,0.08068036288022995,0.9587500095367432,0.11829053610563278
0.9767988324165344,0.07791329175233841,0.9587500095367432,0.11865296214818954
0.9747430086135864,0.07994338124990463,0.956250011920929,0.1214408278465271
0.9747430086135864,0.08215080946683884,0.9624999761581421,0.11356808990240097
0.9797356724739075,0.07606741786003113,0.956250011920929,0.12251517921686172
0.9744493365287781,0.08121182769536972,0.9587500095367432,0.11948969215154648
0.9738619923591614,0.08076971024274826,0.9587500095367432,0.118110291659832
0.9800293445587158,0.076849564909935,0.9624999761581421,0.1150146946310997
0.9744493365287781,0.08054236322641373,0.9624999761581421,0.1145312562584877
0.9788545966148376,0.0736171305179596,0.9599999785423279,0.11862646788358688
0.9773861765861511,0.07307969033718109,0.956250011920929,0.12031522393226624
0.9788545966148376,0.07244783639907837,0.9524999856948853,0.12450061738491058
0.9750367403030396,0.07900175452232361,0.9599999785423279,0.11539193987846375
0.9785609245300293,0.07379890978336334,0.956250011920929,0.12134205549955368
0.9750367403030396,0.07471336424350739,0.956250011920929,0.12186115235090256
0.9756240844726562,0.07831927388906479,0.9449999928474426,0.1328614205121994
0.9726872444152832,0.08318223059177399,0.9587500095367432,0.11865589022636414
0.9765051603317261,0.07535441964864731,0.9700000286102295,0.11053810268640518
0.9776799082756042,0.07679273933172226,0.9487500190734863,0.13603146374225616
0.9779735803604126,0.07423049956560135,0.9700000286102295,0.11080173403024673
0.9797356724739075,0.07373718172311783,0.9487500190734863,0.13034139573574066
0.9767988324165344,0.07628393173217773,0.9637500047683716,0.11092529445886612
0.980323076248169,0.0687256008386612,0.9612500071525574,0.11387253552675247
0.9776799082756042,0.07505124062299728,0.9549999833106995,0.12138283997774124
0.9770925045013428,0.07333947718143463,0.9612500071525574,0.11747787147760391
0.9765051603317261,0.07695061713457108,0.9612500071525574,0.11595175415277481
0.9767988324165344,0.07222117483615875,0.9574999809265137,0.12015525996685028
0.9809104204177856,0.07023775577545166,0.9612500071525574,0.11572719365358353
0.9800293445587158,0.0753006562590599,0.9537500143051147,0.12281186133623123
0.9750367403030396,0.07924102991819382,0.9662500023841858,0.11103295534849167
0.9800293445587158,0.0683680847287178,0.9549999833106995,0.12187574058771133
0.9747430086135864,0.07676167786121368,0.9637500047683716,0.11089693754911423
0.9753304123878479,0.07300052791833878,0.9612500071525574,0.11669771373271942
0.9779735803604126,0.07199228554964066,0.9599999785423279,0.11573982238769531
0.9814978241920471,0.06865665316581726,0.9612500071525574,0.1156688779592514
0.9814978241920471,0.07196467369794846,0.9574999809265137,0.11833313852548599
0.9817914962768555,0.06902678310871124,0.9674999713897705,0.10999342054128647
0.9785609245300293,0.0731341540813446,0.9524999856948853,0.1241711974143982
0.978267252445221,0.06915684044361115,0.9612500071525574,0.11360424011945724
0.976211428642273,0.07679660618305206,0.9674999713897705,0.10596145689487457
0.9794420003890991,0.07142481952905655,0.9599999785423279,0.11555430293083191
0.9785609245300293,0.07163145393133163,0.9637500047683716,0.10855943709611893
0.9779735803604126,0.07479270547628403,0.9612500071525574,0.11335547268390656
0.9800293445587158,0.07026679813861847,0.9612500071525574,0.11463914811611176
0.9806167483329773,0.06745332479476929,0.9674999713897705,0.10733377188444138
0.9785609245300293,0.06997721642255783,0.9624999761581421,0.11186324059963226
0.9797356724739075,0.07049644738435745,0.9624999761581421,0.11081630736589432
0.9817914962768555,0.0641079694032669,0.9549999833106995,0.11801175028085709
0.9797356724739075,0.0695941224694252,0.9549999833106995,0.12211695313453674
0.978267252445221,0.0681890994310379,0.9524999856948853,0.12152352184057236
0.981204092502594,0.06643009930849075,0.9612500071525574,0.11186467111110687
0.9809104204177856,0.06580031663179398,0.9474999904632568,0.13470511138439178
0.9806167483329773,0.06721361726522446,0.956250011920929,0.11823786050081253
0.9817914962768555,0.06552117317914963,0.9537500143051147,0.12028232216835022
0.9814978241920471,0.06579381227493286,0.9549999833106995,0.11992746591567993
0.980323076248169,0.06467949599027634,0.9537500143051147,0.12187044322490692
0.9809104204177856,0.06364324688911438,0.9574999809265137,0.11626087874174118
0.9773861765861511,0.06926347315311432,0.96875,0.10648973286151886
0.9809104204177856,0.0664999857544899,0.9549999833106995,0.11854781955480576
0.9791483283042908,0.06630214303731918,0.9637500047683716,0.11000759154558182
0.9820851683616638,0.06456894427537918,0.9637500047683716,0.10891055315732956
0.9823788404464722,0.062306687235832214,0.9524999856948853,0.12218914926052094
0.9800293445587158,0.0647697001695633,0.9549999833106995,0.11977056413888931
0.9794420003890991,0.06449141353368759,0.9624999761581421,0.10997611284255981
0.9817914962768555,0.0636536031961441,0.9624999761581421,0.1091785728931427
0.9823788404464722,0.06293360888957977,0.9649999737739563,0.1057339459657669
0.9829662442207336,0.06049104407429695,0.9612500071525574,0.11233865469694138
0.9814978241920471,0.06456515938043594,0.9624999761581421,0.11144347488880157
0.9800293445587158,0.06805048137903214,0.9612500071525574,0.11322546750307083
0.9797356724739075,0.06736341863870621,0.9624999761581421,0.11158272624015808
0.9829662442207336,0.06103718280792236,0.9612500071525574,0.11049209535121918
0.9814978241920471,0.06110770255327225,0.9637500047683716,0.10882840305566788
0.9806167483329773,0.06310312449932098,0.9700000286102295,0.10258634388446808
0.9835535883903503,0.061755917966365814,0.9587500095367432,0.11175291240215302
0.9841409921646118,0.06102769076824188,0.9537500143051147,0.12086861580610275
0.9838472604751587,0.06168097257614136,0.9700000286102295,0.10400822758674622
0.9847283363342285,0.05863240733742714,0.9624999761581421,0.10831277072429657
0.9844346642494202,0.06088385730981827,0.9612500071525574,0.10909447818994522
0.9835535883903503,0.059006258845329285,0.96875,0.1037193313241005
0.9847283363342285,0.05818280950188637,0.9599999785423279,0.11096949875354767
0.9817914962768555,0.06518758088350296,0.9549999833106995,0.11725659668445587
0.983259916305542,0.057780735194683075,0.96875,0.10227051377296448
0.9850220084190369,0.059032462537288666,0.9624999761581421,0.10874179005622864
0.9859030842781067,0.0574495792388916,0.9599999785423279,0.11340495944023132
0.9820851683616638,0.05861376225948334,0.96875,0.10067959129810333
0.9835535883903503,0.05967498943209648,0.9624999761581421,0.10873711854219437
0.9841409921646118,0.060527216643095016,0.9599999785423279,0.1103043183684349
0.981204092502594,0.0595826618373394,0.9700000286102295,0.10073196142911911
0.9841409921646118,0.057826679199934006,0.9587500095367432,0.11317245662212372
0.9829662442207336,0.05988825485110283,0.9674999713897705,0.10349621623754501
0.9814978241920471,0.05774357169866562,0.9537500143051147,0.12321369349956512
0.981204092502594,0.05904311686754227,0.9637500047683716,0.10678277164697647
0.9820851683616638,0.057898737490177155,0.96875,0.10338521003723145
0.9823788404464722,0.060294169932603836,0.9587500095367432,0.11387547850608826
0.9829662442207336,0.058864470571279526,0.9637500047683716,0.11056185513734818
0.981204092502594,0.05942538008093834,0.956250011920929,0.11854789406061172
0.9829662442207336,0.0559019073843956,0.956250011920929,0.11816810816526413
0.9838472604751587,0.05705806985497475,0.96875,0.09804261475801468
0.9847283363342285,0.05601342022418976,0.9662500023841858,0.1038343533873558
0.98531574010849,0.05245063453912735,0.96875,0.0986604243516922
0.9817914962768555,0.05862564966082573,0.9662500023841858,0.10386389493942261
0.9826725125312805,0.05905061215162277,0.9587500095367432,0.11258673667907715
0.983259916305542,0.05895920470356941,0.9574999809265137,0.11434351652860641
0.9867841601371765,0.05311915650963783,0.9712499976158142,0.09957954287528992
0.9838472604751587,0.05572669208049774,0.9674999713897705,0.10441378504037857
0.9841409921646118,0.05443234369158745,0.9574999809265137,0.11611375957727432
0.9850220084190369,0.055652469396591187,0.96875,0.10184989124536514
0.9838472604751587,0.05801278352737427,0.9712499976158142,0.10088764876127243
0.9835535883903503,0.05562245845794678,0.9674999713897705,0.10305733978748322
0.9847283363342285,0.05581969767808914,0.9599999785423279,0.11291541159152985
0.9847283363342285,0.05092114955186844,0.956250011920929,0.11607007682323456
0.9823788404464722,0.055517323315143585,0.9599999785423279,0.10827037692070007
0.9835535883903503,0.05659789964556694,0.96875,0.10135067999362946
0.9859030842781067,0.05584919452667236,0.9599999785423279,0.10926266014575958
0.983259916305542,0.05423944815993309,0.9712499976158142,0.09940177202224731
0.9859030842781067,0.054640162736177444,0.9599999785423279,0.10776849836111069
0.9847283363342285,0.053996071219444275,0.9574999809265137,0.11553413420915604
0.9850220084190369,0.051288653165102005,0.96875,0.09976188838481903
0.9841409921646118,0.0511055663228035,0.96875,0.10015802085399628
0.9879589080810547,0.049498300999403,0.9612500071525574,0.10841331630945206
0.9864904284477234,0.049986597150564194,0.9587500095367432,0.11217644810676575
0.9864904284477234,0.05158038064837456,0.9587500095367432,0.11165527254343033
0.9873715043067932,0.051406729966402054,0.9624999761581421,0.10578687489032745
0.9847283363342285,0.05001954734325409,0.9700000286102295,0.09929285198450089
0.986196756362915,0.05075422674417496,0.9649999737739563,0.10657879710197449
0.9870778322219849,0.05031183362007141,0.9712499976158142,0.0976443961262703
0.9856094121932983,0.05256202071905136,0.9712499976158142,0.09713360667228699
0.9879589080810547,0.04972175508737564,0.9587500095367432,0.11328442394733429
0.9876651763916016,0.04856809228658676,0.9612500071525574,0.1075579822063446
0.9867841601371765,0.050777316093444824,0.9637500047683716,0.1023915559053421
0.983259916305542,0.0511239618062973,0.9737499952316284,0.09401042759418488
0.9891336560249329,0.04696948826313019,0.9712499976158142,0.09559109061956406
0.9873715043067932,0.04746823385357857,0.9725000262260437,0.0946209505200386
0.9876651763916016,0.049060720950365067,0.9712499976158142,0.09499786049127579
0.9870778322219849,0.04840165004134178,0.9712499976158142,0.09718124568462372
0.9856094121932983,0.05016177147626877,0.9587500095367432,0.11415230482816696
0.9873715043067932,0.05049349367618561,0.9587500095367432,0.11247128248214722
0.9873715043067932,0.04637075588107109,0.9662500023841858,0.10051556676626205
0.9876651763916016,0.048981375992298126,0.9487500190734863,0.13194245100021362
0.9859030842781067,0.047841694205999374,0.9624999761581421,0.1031569167971611
0.9870778322219849,0.0492619164288044,0.9662500023841858,0.10030362010002136
0.9873715043067932,0.04503418132662773,0.9612500071525574,0.10836666822433472
0.9859030842781067,0.048627257347106934,0.9725000262260437,0.0929926186800003
0.9870778322219849,0.04913908243179321,0.96875,0.09667205810546875
0.9876651763916016,0.045739155262708664,0.9674999713897705,0.09911458194255829
0.9844346642494202,0.05128468573093414,0.9624999761581421,0.1054290309548378
0.9847283363342285,0.04931378737092018,0.9712499976158142,0.09401518106460571
0.9885462522506714,0.04619063436985016,0.9612500071525574,0.10686538368463516
0.9867841601371765,0.04657552391290665,0.9649999737739563,0.10586448013782501
0.9870778322219849,0.046067506074905396,0.9612500071525574,0.10847152769565582
0.9867841601371765,0.044924959540367126,0.9624999761581421,0.10364018380641937
0.9897210001945496,0.04539167135953903,0.96875,0.098470538854599
0.9873715043067932,0.044386185705661774,0.9537500143051147,0.12133564800024033
0.9897210001945496,0.04288393631577492,0.96875,0.0965035930275917
0.988252580165863,0.04438304901123047,0.9712499976158142,0.09402646124362946
0.9864904284477234,0.04837489128112793,0.9612500071525574,0.10944069921970367
0.9888399243354797,0.04398208111524582,0.9712499976158142,0.09638562053442001
0.9873715043067932,0.048289284110069275,0.9524999856948853,0.12319568544626236
0.9873715043067932,0.04546288400888443,0.9737499952316284,0.08931896090507507
0.9888399243354797,0.04145603999495506,0.9624999761581421,0.10485304147005081
0.988252580165863,0.042809758335351944,0.9637500047683716,0.10479284077882767
0.9888399243354797,0.04425453394651413,0.9662500023841858,0.10041246563196182
0.9867841601371765,0.04725781828165054,0.9587500095367432,0.11601777374744415
0.9864904284477234,0.04665594547986984,0.9674999713897705,0.09854390472173691
0.9867841601371765,0.04500545933842659,0.9674999713897705,0.09735778719186783
0.9903083443641663,0.041388411074876785,0.9524999856948853,0.12446501851081848
0.9885462522506714,0.04366157203912735,0.9612500071525574,0.10486698150634766
0.988252580165863,0.04450942575931549,0.9712499976158142,0.09180709719657898
0.988252580165863,0.04352368414402008,0.9612500071525574,0.10598798841238022
0.988252580165863,0.04265782982110977,0.9712499976158142,0.0925152525305748
0.9894273281097412,0.041119955480098724,0.9700000286102295,0.09569565951824188
0.9888399243354797,0.041777994483709335,0.9599999785423279,0.11161504685878754
0.9870778322219849,0.04703439772129059,0.96875,0.09768680483102798
0.9867841601371765,0.04397183284163475,0.9637500047683716,0.10059314966201782
0.9885462522506714,0.044264115393161774,0.9624999761581421,0.10290438681840897
0.9906020760536194,0.041538555175065994,0.96875,0.09678778052330017
0.9891336560249329,0.0398535281419754,0.9712499976158142,0.09165221452713013
0.9885462522506714,0.042680319398641586,0.9662500023841858,0.0984189510345459
0.9879589080810547,0.03972258418798447,0.9674999713897705,0.09586307406425476
0.9891336560249329,0.040103279054164886,0.9649999737739563,0.10007453709840775
0.9900146722793579,0.03879237547516823,0.9587500095367432,0.11528957635164261
0.9894273281097412,0.04041081666946411,0.9700000286102295,0.09389203041791916
0.9917768239974976,0.039416681975126266,0.9624999761581421,0.10650300979614258
0.9885462522506714,0.039190515875816345,0.9537500143051147,0.12356874346733093
0.9900146722793579,0.03912052884697914,0.9737499952316284,0.08929358422756195
0.988252580165863,0.041474565863609314,0.9574999809265137,0.11706120520830154
0.9920704960823059,0.03675578162074089,0.9649999737739563,0.1015009880065918
0.9879589080810547,0.03995053470134735,0.96875,0.09284482151269913
0.9885462522506714,0.041058775037527084,0.9700000286102295,0.09468211233615875
0.9897210001945496,0.03821586072444916,0.9637500047683716,0.10385690629482269
0.988252580165863,0.03999901935458183,0.9612500071525574,0.10374337434768677
0.9903083443641663,0.037857845425605774,0.9674999713897705,0.09528146684169769
0.9906020760536194,0.03912123292684555,0.96875,0.09594398736953735
0.9914830923080444,0.0367625467479229,0.9637500047683716,0.10014835000038147
0.9903083443641663,0.036520346999168396,0.9737499952316284,0.08859811723232269
0.992951512336731,0.03357045724987984,0.9624999761581421,0.11126082390546799
0.9885462522506714,0.04135548695921898,0.9662500023841858,0.09695159643888474
0.9897210001945496,0.036863043904304504,0.9637500047683716,0.10217279195785522
0.9885462522506714,0.03923105448484421,0.9662500023841858,0.09762300550937653
0.9911894202232361,0.03634750097990036,0.9624999761581421,0.10135385394096375
0.9917768239974976,0.03466881066560745,0.9637500047683716,0.10139815509319305
0.9917768239974976,0.03657796233892441,0.9637500047683716,0.10090657323598862
0.9906020760536194,0.0392683781683445,0.9725000262260437,0.08784566074609756
0.9908957481384277,0.03537698835134506,0.9637500047683716,0.10614153742790222
0.9920704960823059,0.034104086458683014,0.9612500071525574,0.10724646598100662
0.9914830923080444,0.03794370964169502,0.9674999713897705,0.09279843419790268
0.9897210001945496,0.03634888678789139,0.9674999713897705,0.09561493992805481
0.9906020760536194,0.03894080966711044,0.9674999713897705,0.09168991446495056
0.9906020760536194,0.03622247278690338,0.9612500071525574,0.11102385818958282
0.9891336560249329,0.03613854572176933,0.956250011920929,0.12022274732589722
0.9908957481384277,0.03603316843509674,0.9700000286102295,0.09424349665641785
0.9894273281097412,0.035617779940366745,0.9662500023841858,0.09858040511608124
0.9908957481384277,0.035734448581933975,0.96875,0.09126769006252289
0.9900146722793579,0.03454482555389404,0.9674999713897705,0.0975014865398407
0.9903083443641663,0.03347299247980118,0.9587500095367432,0.11133220791816711
0.9897210001945496,0.03545162454247475,0.9725000262260437,0.08758135139942169
0.9923641681671143,0.032702863216400146,0.9674999713897705,0.09547583758831024
0.9914830923080444,0.035668570548295975,0.9725000262260437,0.08747577667236328
0.9923641681671143,0.03257104754447937,0.96875,0.09411954134702682
0.9917768239974976,0.033096034079790115,0.9712499976158142,0.09025163948535919
0.9908957481384277,0.03514380380511284,0.9637500047683716,0.10658236593008041
0.9914830923080444,0.03534324839711189,0.9649999737739563,0.09945123642683029
0.9923641681671143,0.03249195218086243,0.9700000286102295,0.08939822018146515
0.9911894202232361,0.03329569101333618,0.9725000262260437,0.08825836330652237
0.9897210001945496,0.03557219356298447,0.9750000238418579,0.08322042226791382
0.9906020760536194,0.03786052390933037,0.9712499976158142,0.08993155509233475
0.9914830923080444,0.03383927047252655,0.9599999785423279,0.1137489527463913
0.9908957481384277,0.032962601631879807,0.9737499952316284,0.08171350508928299
0.9906020760536194,0.033495236188173294,0.9712499976158142,0.0886588990688324
0.992951512336731,0.030503002926707268,0.96875,0.09143394231796265
0.9914830923080444,0.031775470823049545,0.9725000262260437,0.0884922668337822
0.9911894202232361,0.03466716781258583,0.9662500023841858,0.09792450070381165
0.9917768239974976,0.03558371216058731,0.9725000262260437,0.08631899207830429
0.9923641681671143,0.0320427268743515,0.9674999713897705,0.09416837990283966
0.9914830923080444,0.032864414155483246,0.9649999737739563,0.09942198544740677
0.9917768239974976,0.031065018847584724,0.9674999713897705,0.09423023462295532
0.992951512336731,0.030553216114640236,0.9712499976158142,0.08913782984018326
0.9906020760536194,0.034717462956905365,0.96875,0.0929078757762909
0.9923641681671143,0.03122391737997532,0.9674999713897705,0.09317506104707718
0.9917768239974976,0.03273909538984299,0.9712499976158142,0.08841660618782043
0.9897210001945496,0.033664997667074203,0.9737499952316284,0.08214198052883148
0.9911894202232361,0.03009246662259102,0.9725000262260437,0.0837550088763237
0.9935389161109924,0.029287438839673996,0.9649999737739563,0.10010386258363724
0.9926578402519226,0.031150124967098236,0.9700000286102295,0.09042920917272568
0.992951512336731,0.029911091551184654,0.9674999713897705,0.09484024345874786
0.9914830923080444,0.03140505775809288,0.9649999737739563,0.10158777236938477
0.9932452440261841,0.029874766245484352,0.9700000286102295,0.0892273336648941
0.9935389161109924,0.029530130326747894,0.9674999713897705,0.09160927683115005
0.9923641681671143,0.030117901042103767,0.9649999737739563,0.09992393851280212
0.9923641681671143,0.03156370297074318,0.9674999713897705,0.09178134799003601
0.9914830923080444,0.029388243332505226,0.9674999713897705,0.09717283397912979
0.9908957481384277,0.03192825987935066,0.9725000262260437,0.08600053936243057
0.9938325881958008,0.027459051460027695,0.9649999737739563,0.10014105588197708
0.9917768239974976,0.030767392367124557,0.9700000286102295,0.08955834060907364
0.9935389161109924,0.026711776852607727,0.9674999713897705,0.09310883283615112
0.9920704960823059,0.03065173514187336,0.9637500047683716,0.10798165202140808
0.9953010082244873,0.024797935038805008,0.9662500023841858,0.09760942310094833
0.992951512336731,0.030986934900283813,0.9674999713897705,0.09689846634864807
0.9914830923080444,0.029859889298677444,0.9624999761581421,0.102052241563797
0.9923641681671143,0.02972697652876377,0.9700000286102295,0.09242364764213562
0.9932452440261841,0.027471860870718956,0.9712499976158142,0.08836956322193146
0.9932452440261841,0.02854045294225216,0.9662500023841858,0.09650532901287079
0.9926578402519226,0.028547236695885658,0.9662500023841858,0.09730270504951477
0.9947136640548706,0.028701918199658394,0.9674999713897705,0.09533435851335526
0.9941262602806091,0.027435729280114174,0.9712499976158142,0.08759899437427521
0.9914830923080444,0.029031360521912575,0.9750000238418579,0.07721762359142303
0.9953010082244873,0.027347158640623093,0.9637500047683716,0.10358661413192749
0.9935389161109924,0.025111481547355652,0.9662500023841858,0.10050293058156967
0.9917768239974976,0.033571552485227585,0.9649999737739563,0.10353700816631317
0.9920704960823059,0.025693517178297043,0.9674999713897705,0.0948575884103775
0.9926578402519226,0.027390582486987114,0.9725000262260437,0.07971661537885666
0.9923641681671143,0.031025001779198647,0.9725000262260437,0.08334140479564667
0.995007336139679,0.027892107143998146,0.9674999713897705,0.09589862078428268
0.9941262602806091,0.026866517961025238,0.9487500190734863,0.1332796961069107
0.992951512336731,0.028346305713057518,0.9712499976158142,0.08721025288105011
0.995007336139679,0.024049850180745125,0.9712499976158142,0.088066965341568
0.9935389161109924,0.02789311110973358,0.9674999713897705,0.09236382693052292
0.9944199919700623,0.024981888011097908,0.9637500047683716,0.10546083748340607
0.9926578402519226,0.027518771588802338,0.9725000262260437,0.08516441285610199
0.9935389161109924,0.026849333196878433,0.9725000262260437,0.0833764523267746
0.9935389161109924,0.02679670788347721,0.9674999713897705,0.09643249213695526
0.9920704960823059,0.02697174996137619,0.96875,0.09039629995822906
0.9961820840835571,0.024015167728066444,0.9674999713897705,0.09051080048084259
0.995007336139679,0.024675916880369186,0.9624999761581421,0.10629364848136902
0.9941262602806091,0.02570757456123829,0.9662500023841858,0.09629371762275696
0.9953010082244873,0.02447284385561943,0.9725000262260437,0.08170054107904434
0.9941262602806091,0.024959102272987366,0.9674999713897705,0.09487057477235794
0.9941262602806091,0.02474801428616047,0.9612500071525574,0.10664358735084534
0.9955947399139404,0.023447051644325256,0.9725000262260437,0.08018647134304047
0.9926578402519226,0.0243673175573349,0.9712499976158142,0.08554080873727798
0.9947136640548706,0.026188082993030548,0.9612500071525574,0.11022917926311493
0.9953010082244873,0.022480301558971405,0.9700000286102295,0.08313509821891785
0.9938325881958008,0.025581952184438705,0.9662500023841858,0.09377036988735199
0.9941262602806091,0.024918798357248306,0.9712499976158142,0.08517063409090042
0.9953010082244873,0.021428031846880913,0.9637500047683716,0.10851500183343887
0.9944199919700623,0.025194311514496803,0.9637500047683716,0.10229406505823135
0.9917768239974976,0.027814289554953575,0.9712499976158142,0.0858050286769867
0.9967694282531738,0.021860796958208084,0.9674999713897705,0.09400595724582672
0.9955947399139404,0.02229771390557289,0.96875,0.09162658452987671
0.9947136640548706,0.02211926132440567,0.96875,0.08896303176879883
0.995007336139679,0.024474823847413063,0.9612500071525574,0.11011720448732376
0.995007336139679,0.02389114908874035,0.9624999761581421,0.10907131433486938
0.9938325881958008,0.024927156046032906,0.9649999737739563,0.10276632010936737
0.992951512336731,0.02558874897658825,0.9649999737739563,0.09834476560354233
0.9955947399139404,0.021183645352721214,0.9624999761581421,0.1071324422955513
0.9947136640548706,0.02341756783425808,0.9649999737739563,0.10283514857292175
0.9967694282531738,0.020771868526935577,0.9649999737739563,0.10301122069358826
0.9961820840835571,0.021714961156249046,0.9700000286102295,0.085319884121418
0.992951512336731,0.026872752234339714,0.9712499976158142,0.08045830577611923
0.9941262602806091,0.023747088387608528,0.9662500023841858,0.09689255058765411
0.9932452440261841,0.02512248419225216,0.9700000286102295,0.0881868377327919
0.997063159942627,0.0218365341424942,0.9674999713897705,0.09252731502056122
0.9941262602806091,0.021422024816274643,0.9700000286102295,0.08356042206287384
0.9947136640548706,0.023527443408966064,0.9674999713897705,0.09498333185911179
0.9964757561683655,0.02250489965081215,0.96875,0.09138505160808563
0.9953010082244873,0.02186039462685585,0.9674999713897705,0.09555628895759583
0.9955947399139404,0.02226334437727928,0.96875,0.09100203216075897
0.9955947399139404,0.020864829421043396,0.9700000286102295,0.08701040595769882
0.9938325881958008,0.024251218885183334,0.9624999761581421,0.10663924366235733
0.995007336139679,0.02299981564283371,0.96875,0.09152846038341522
0.9944199919700623,0.019901810213923454,0.9712499976158142,0.08404972404241562
0.9953010082244873,0.02231338620185852,0.9712499976158142,0.08258267492055893
0.9941262602806091,0.023070022463798523,0.9725000262260437,0.08281482011079788
0.9961820840835571,0.021556835621595383,0.9737499952316284,0.07757019251585007
0.9955947399139404,0.021459966897964478,0.9712499976158142,0.08185254037380219
0.9964757561683655,0.02132611908018589,0.9712499976158142,0.08567122370004654
0.9967694282531738,0.01970520056784153,0.9649999737739563,0.10206437110900879
0.9947136640548706,0.02230454981327057,0.9725000262260437,0.08481983840465546
0.9944199919700623,0.0222002062946558,0.9700000286102295,0.08744509518146515
0.9955947399139404,0.021249093115329742,0.96875,0.09204205870628357
0.9953010082244873,0.02057095244526863,0.9612500071525574,0.11305011063814163
0.9964757561683655,0.017644593492150307,0.9674999713897705,0.09446382522583008
0.9958884119987488,0.02026662789285183,0.96875,0.09057416766881943
0.9955947399139404,0.020864419639110565,0.9787499904632568,0.07217052578926086
0.997944176197052,0.01910816691815853,0.9637500047683716,0.10582229495048523
0.9947136640548706,0.0211525596678257,0.96875,0.09389632940292358
0.9953010082244873,0.021283039823174477,0.9775000214576721,0.07305464148521423
0.9947136640548706,0.019978538155555725,0.96875,0.08710761368274689
0.9982379078865051,0.017565062269568443,0.96875,0.09411035478115082
0.9964757561683655,0.02048119343817234,0.96875,0.09119408577680588
0.9953010082244873,0.02069360949099064,0.9649999737739563,0.09840836375951767
0.9947136640548706,0.02009013667702675,0.9762499928474426,0.0737522542476654
0.9955947399139404,0.019653912633657455,0.9700000286102295,0.08106344938278198
0.9964757561683655,0.018880467861890793,0.9662500023841858,0.09711271524429321
0.9958884119987488,0.01897495612502098,0.96875,0.09140314161777496
0.9967694282531738,0.018398640677332878,0.9674999713897705,0.09413133561611176
0.9964757561683655,0.019435027614235878,0.9674999713897705,0.08906435966491699
0.997063159942627,0.017494792118668556,0.9662500023841858,0.09544821828603745
0.997063159942627,0.019374554976820946,0.96875,0.0915258377790451
0.9953010082244873,0.019309548661112785,0.96875,0.09119942784309387
0.995007336139679,0.020519834011793137,0.9574999809265137,0.12110251188278198
0.9958884119987488,0.02076145075261593,0.96875,0.09090332686901093
0.9964757561683655,0.02000962756574154,0.9750000238418579,0.07598640769720078
0.995007336139679,0.01958583854138851,0.96875,0.091318279504776
